Workbook

Sheet parameters
A1: Parameter | B1: Value | C1: Detail | D1: 詳細 | F1: CATIA Parameter | G1: CATIA Value
A2: D0 | B2: =G2 -> 26.9 | C2: RACE OD | D2: レース外径 | F2: oD_2_1_1(mm) | G2: 26.9 | I2: LINER | J2: C
A3: H0 | B3: =G3 -> 12.65 | C3: RACE WIDTH | D3: レース巾 | F3: w_2_1_1(mm) | G3: 12.65 | I3: METAL | J3: V
A4: B0 | B4: =G4 -> 20.61 | C4: RACE ID | D4: レース内径 | F4: iD_2_1_1(mm) | G4: 20.61
A5: A0 | B5: =G5 -> 21.95 | C5: RACE CHAMFER DIA | D5: レース内径面取り径 | F5: iC_2_1_1(mm) | G5: 21.95
A6: A | B6: =G6 -> 50 | C6: RACE CHAMFER ANGLE | D6: レース内径面取り角度 | F6: iCA_2_1_1(deg) | G6: 50
A7: X1 | B7: =G7 -> 1 | C7: RACE OD CHAMFER RADIUS | D7: レース外径面取りフィレットR | F7: oCR_2_1_1(mm) | G7: 1
A8: X2 | B8: =G8 -> 0.5 | C8: RACE OD CHAMFER HORIZONTAL LENGTH | D8: レース外径面取り水平長 | F8: oC_2_2_1(mm) | G8: 0.5
A9: X3 | B9: =G9 -> 0.3 | C9: RACE OD CHAMFER VERTICAL LENGTH | D9: レース外径面取り垂直長 | F9: oC_2_1_1(mm) | G9: 0.3
A10: DR | B10: =G10 -> 19.837 | C10: BALL OD | D10: ボール球径 | F10: sphD_3_1_2(mm) | G10: 19.837
A11: W | B11: =G11 -> 14.27 | C11: BALL WIDTH | D11: ボール巾 | F11: w_3_1_1(mm) | G11: 14.27
A12: B | B12: =G12 -> 11.112 | C12: BALL ID | D12: ボール内径 | F12: iD_3_1_2(mm) | G12: 11.112
A13: C | B13: =G13 -> 0.25 | C13: BALL ID CHAMFER | D13: ボール内径面取り(C x.xx) | F13: iC_3_1_2 | G13: 0.25
A14: Liner_type | B14: LINER | C14: LINER TYPE OR METAL TO METAL TYPE | D14: ライナーまたはメタル/メタルタイプ
A15: Liner_t | B15: =G15 -> 0.365 | C15: LINER THICKNESS | D15: ライナー厚さ | F15: lirT_L1_1_1 | G15: 0.365
A16: Liner_w | B16: =G16 -> 11.95 | C16: LINER WIDTH | D16: ライナー巾 | F16: lirW_L1_1_1 | G16: 11.95
A17: B_SD | B17: =G17 -> 27.348 | C17: SWAGE DIE SPH DIA | D17: スウェジダイカップ球径 | F17: DD | G17: 27.348
A18: D_SD | B18: =G18 -> 27.2 | C18: SWAGE DIE END POINT DIA | D18: スウェジダイ口径 | F18: D | G18: 27.2
A19: A_SD | B19: =G19 -> 21.95 | C19: SWAGE DIE ID | D19: スウェジダイ内径 (ダイピン外径はめ合い部) | F19: A | G19: 21.95
A20: C_SD | B20: =G20 -> 1.41 | C20: SD SPH DIA OFFSET | D20: スウェジダイカップ球径オフセット | F20: C | G20: 1.41
A21: B_GP | B21: =G21 -> 11.087 | C21: GUIDE PIN OD | D21: ガイドピン外径 | G21: 11.087
A22: D0_ats | B22: =G22 -> 22.745 | C22: SPH TURNING OD | D22: スフェリカル外径 | F22: oD_4_1_3(mm) | G22: 22.745
A23: HR_ats | B23: =G23 -> 11.23 | C23: SPH TURNING WIDTH | D23: スフェリカル巾 | F23: w_4_1_1(mm) | G23: 11.23
A24: SB_tgt | B24: =G24 -> 0.889 | C24: TARGET SET BACK | D24: 狙いセットバック値 | F24: IC_4_1(mm) | G24: 0.889
A25: CV | B25: V | C25: CHAMFER or V-GROOVE | D25: 溝タイプ (外径面取りタイプ,またはV溝タイプ)
A26: C_ats | B26: =G26 -> 0 | C26: CHAMFER DEPTH | D26: 外径面取り深さ
A27: X1_ats | B27: =G27 -> 1.22 | C27: V-GROOVE WIDTH | D27: V溝巾 | F27: pcGrW_4_1_1(mm) | G27: 1.22
A28: PCD_ats | B28: =G28 -> 20.37 | C28: V-GROOVE PCD | D28: V溝PCD | F28: pcD_4_1_1(mm) | G28: 20.37
A29: P1_ats | B29: =G29 -> 0.76 | C29: V-GROOVE DEPTH | D29: V溝深さ | F29: pcGrD_4_1_1(mm) | G29: 0.76
A30: R1_ats | B30: =G30 -> 0.35 | C30: V-GROOVE BOTTOM R | D30: V溝底R | F30: pcGrR_4_1_1(mm) | G30: 0.35
A31: A1_ats | B31: =G31 -> 30 | C31: V-GROOVE INSIDE ANGLE | D31: V溝内側角度 | F31: PcGrA_4_2(deg) | G31: 30
A32: A2_ats | B32: =G32 -> 30 | C32: V-GROOVE OUTSIDE ANGLE | D32: V溝外側角度 | F32: PcGrA_4_1(deg) | G32: 30
A33: D0R_ats | B33: =G33 -> 0.127 | C33: OD FILET R | D33: V溝タイプ外径面取りR | F33: oC_4_1_1(mm) | G33: 0.127

Sheet material
A1: part | B1: material
A2: race | B2: 17-4PH_H1150(P)
A3: liner | B3: PTFE(E)
A4: ball | B4: MARTENSITIC-STAINLESS-STEEL(E)
A5: gp | B5: MARTENSITIC-STAINLESS-STEEL(E)

Sheet timestep
A1: time | B1: location
A2: 0 | B2: 0
A3: 0.65 | B3: 0.9
A4: 0.8 | B4: 1
A5: 0.95 | B5: 0.9
A6: 1 | B6: 0

Sheet setting
A1: Parameter | B1: Value | C1: Detail | D1: 詳細 | F1: プリセット
A2: file_name | B2: swage_analysis | C2: ANALYSIS FILE NAME | D2: 解析ファイル名 | F2: midiam | G2: ex-small | H2: small | I2: midiam | J2: large | K2: ex-large
A3: race_mesh_size | B3: =OFFSET($G3,,MATCH($F$2,$G$2:$K$2,0)-1) -> 0.2 | C3: RACE MESHING SIZE [mm] | D3: レースのメッシュサイズ [mm] | F3: ↑選択 | G3: 0.05 | H3: 0.1 | I3: 0.2 | J3: 0.3 | K3: 0.5
A4: liner_mesh_size | B4: =OFFSET($G4,,MATCH($F$2,$G$2:$K$2,0)-1) -> 0.1825 | C4: LINER MESHING SIZE | D4: ライナーのメッシュサイズ [mm] | G4: =parameters!$B$15/4 -> 0.09125 | H4: =parameters!$B$15/3 -> 0.12166667 | I4: =parameters!$B$15/2 -> 0.1825 | J4: =parameters!$B$15/1 -> 0.365 | K4: =parameters!$B$15/1 -> 0.365
A5: ball_mesh_size | B5: =OFFSET($G5,,MATCH($F$2,$G$2:$K$2,0)-1) -> 0.4 | C5: BALL MESHING SIZE [mm] | D5: ボールのメッシュサイズ [mm] | G5: 0.1 | H5: 0.2 | I5: 0.4 | J5: 0.6 | K5: 1
A6: gp_mesh_size | B6: =OFFSET($G6,,MATCH($F$2,$G$2:$K$2,0)-1) -> 1 | C6: GUIDE PIN MESHING SIZE | D6: ガイドピンのメッシュサイズ [mm] | G6: 0.3 | H6: 0.5 | I6: 1 | J6: 1 | K6: 2
A7: SD_sim | B7: 0.6 | C7: SIM THICKNESS(FIRST ITERATION) | D7: シムの厚さ [mm]
A8: TD_ats | B8: 5 | C8: TURNING DEPTH 1STEP | D8: 組切削の1パス当たりの切り込み量 [mm]
A9: TDfin_ats | B9: 0.2 | C9: FINAL TURNING DEPTH (TDfin_ats > race_mesh_size) | D9: 組切削の最終パスの切り込み量 [mm]
A10: HR_ats_or | B10: 1.04 | C10: FACE TURNING INITIAL LOCATION(H0/2*HR_ats_or) | D10: 組切削(端面)の初期パスの開始位置補正係数
A11: adr_mesf | B11: 0.8 | C11: ADAPTIVE REMESHING - MIN ELEMENT SIZE FACTOR | D11: アダプティブリメッシュ最小要素サイズのrace_mesh_sizeに対する係数
A12: adr_sr | B12: 1 | C12: ADAPTIVE REMESHING - SMOOTH RATIO | D12: アダプティブリメッシュ平滑比
A13: adr_tf | B13: 0.98 | C13: ADAPTIVE REMESHING - TRANSITION FACTOR | D13: アダプティブリメッシュ遷移係数
A14: adr_fva | B14: 135 | C14: ADAPTIVE REMESHING - FEATURE VERTICAL ANGLE | D14: アダプティブリメッシュフィーチャー頂点角度
A15: s_maxrec | B15: 300 | C15: SWAGE ANALYSIS SETTINGS MAXIMUM NUMBER OF ITERATIONS | D15: スウェジ解析設定 最大反復回数
A16: s_maxfraction | B16: 0.01 | C16: SWAGE ANALYSIS SETTINGS MAXIMUM INCREMENT STEPS | D16: スウェジ解析設定 最大増分ステップ
A17: s_scale_step | B17: 2 | C17: SWAGE ANALYSIS SETTINGS TIME STEP INCREMENT FACTOR | D17: スウェジ解析設定 時間ステップ増加係数
A18: s_relative_force | B18: 0.01 | C18: SWAGE ANALYSIS SETTINGS RELATIVE FORCE TOLERANCE | D18: スウェジ解析設定 相対力トレランス
... A30: t_maxdisp | B30: 0.0001 | C30: TRIM ANALYSIS SETTINGS MAXIMUM ABSOLUTE DISPLACEMENT | D30: トリム解析設定 最大絶対変位量
